<core:FragmentDefinition xmlns:core="sap.ui.core" xmlns="sap.m" xmlns:macros="sap.fe.macros">
		<ScrollContainer id="_IDGenScrollContainer1"
		height="100%"
		width="100%"
		horizontal="true"
		vertical="true">
		<FlexBox id="pdfFlexBoxId" direction="Column" renderType="Div" class="sapUiSmallMargin">
			<PDFViewer id="pdfViewId" source="{/Source}" isTrustedSource="true" title="{/Title}" height="{/Height}" >
				<layoutData>
					<FlexItemData id="_IDGenFlexItemData1" growFactor="1" />
				</layoutData>
			</PDFViewer>
		</FlexBox>
	</ScrollContainer>
</core:FragmentDefinition>