{
  "ext/fragment/PrintPreview.fragment.xml": 1725240653593,
  "manifest.json": 1726203154356,
  "ext/controller/ItemObjController.controller.js": 1726114161092,
  "Component.js": 1725195362498,
  "ext/controller/ItemObjController-dbg.controller.js": 1726114161092,
  "ext/controller/ItemObjController.controller.js.map": 1726203154459,
  "Component-dbg.js": 1725195362498,
  "Component.js.map": 1726203154442,
  "Component-preload.js": 1726203154525,
  "Component-preload.js.map": 1726203154525,
  "ext/fragment/RenderTemplate.fragment.xml": 1725335302695,
  "i18n/i18n.properties": 1725196825159,
  "index.html": 1725195362498
}