{
  "Component-preload.js.map": 1726717572834,
  "Component.js": 1726626619465,
  "manifest.json": 1726717572662,
  "ext/controller/ItemObjController.controller.js": 1726626619465,
  "ext/controller/ItemObjController-dbg.controller.js": 1726626619465,
  "ext/controller/ItemObjController.controller.js.map": 1726717572758,
  "Component-dbg.js": 1726626619465,
  "Component.js.map": 1726717572739,
  "Component-preload.js": 1726717572833,
  "i18n/i18n.properties": 1726626619465,
  "ext/fragment/RenderTemplate.fragment.xml": 1726626619465,
  "ext/fragment/PrintPreview.fragment.xml": 1726626619465,
  "index.html": 1726626619465
}