{
  "manifest.json": 1726110835796,
  "Component.js": 1725195362498,
  "i18n/i18n.properties": 1725196825159,
  "ext/controller/ItemObjController.controller.js": 1725421245585,
  "ext/controller/ItemObjController-dbg.controller.js": 1725421245585,
  "ext/controller/ItemObjController.controller.js.map": 1726110835894,
  "Component-dbg.js": 1725195362498,
  "Component.js.map": 1726110835876,
  "Component-preload.js": 1726110835965,
  "Component-preload.js.map": 1726110835965,
  "ext/fragment/RenderTemplate.fragment.xml": 1725335302695,
  "ext/fragment/PrintPreview.fragment.xml": 1725240653593,
  "index.html": 1725195362498
}