{
  "ext/controller/ItemObjController-dbg.controller.js": 1725421245585,
  "Component.js": 1725195362498,
  "manifest.json": 1725865780701,
  "ext/controller/ItemObjController.controller.js": 1725421245585,
  "i18n/i18n.properties": 1725196825159,
  "ext/controller/ItemObjController.controller.js.map": 1725865780887,
  "Component-dbg.js": 1725195362498,
  "Component.js.map": 1725865780851,
  "Component-preload.js": 1725865780970,
  "Component-preload.js.map": 1725865780970,
  "ext/fragment/RenderTemplate.fragment.xml": 1725335302695,
  "ext/fragment/PrintPreview.fragment.xml": 1725240653593,
  "index.html": 1725195362498
}